{"train_acc": 1.0, "_runtime": 95.8650553226471, "train_loss": 0.008943352848291397, "global_step": 8599, "_timestamp": 1585787660.0176175, "_step": 869, "val_loss": 0.09766100347042084, "val_acc": 0.9780458807945251}
