{"global_step": 8599, "train_loss": 0.2225426286458969, "_runtime": 85.99039554595947, "_timestamp": 1585789164.8672857, "_step": 869, "train_acc": 0.890625, "val_loss": 0.08944176882505417, "val_acc": 0.9756724834442139}
