{"global_step": 8599, "_step": 869, "train_loss": 0.7129512429237366, "_runtime": 138.4040379524231, "train_acc": 0.859375, "_timestamp": 1585788919.023944, "val_acc": 0.9643987417221069, "val_loss": 0.14585186541080475}
