{"graph_0": {"_type": "graph-file", "path": "media/graph/graph_0_summary_4d22a096.graph.json", "sha256": "4d22a096602ed2bcf75caf65fcb6496712225271521c503a3cd8d6bcf71df703", "size": 1272}, "train_loss": 0.11752672493457794, "_step": 869, "global_step": 8599, "train_acc": 0.921875, "_runtime": 87.93370628356934, "_timestamp": 1585789524.4702277, "gradients/conv1.weight": {"_type": "histogram", "values": [1.0, 0.0, 2.0, 1.0, 2.0, 3.0, 3.0, 4.0, 4.0, 5.0, 2.0, 6.0, 5.0, 4.0, 5.0, 10.0, 8.0, 7.0, 8.0, 11.0, 8.0, 7.0, 6.0, 10.0, 9.0, 10.0, 4.0, 7.0, 4.0, 10.0, 7.0, 7.0, 3.0, 3.0, 4.0, 5.0, 7.0, 6.0, 3.0, 2.0, 7.0, 2.0, 1.0, 4.0, 1.0, 1.0, 2.0, 0.0, 0.0, 1.0, 5.0, 1.0, 0.0, 2.0, 2.0, 1.0, 1.0, 0.0, 0.0, 1.0, 2.0, 1.0, 1.0, 1.0], "bins": [-0.13199685513973236, -0.12593917548656464, -0.11988148093223572, -0.113823801279068, -0.10776611417531967, -0.10170842707157135, -0.09565074741840363, -0.0895930603146553, -0.08353537321090698, -0.07747768610715866, -0.07141999900341034, -0.06536231935024261, -0.05930463224649429, -0.05324694514274597, -0.04718926548957825, -0.041131578385829926, -0.035073891282081604, -0.029016204178333282, -0.02295851707458496, -0.016900837421417236, -0.010843150317668915, -0.004785463213920593, 0.0012722164392471313, 0.00732991099357605, 0.013387590646743774, 0.0194452702999115, 0.025502964854240417, 0.03156064450740814, 0.03761832416057587, 0.043676018714904785, 0.04973369836807251, 0.05579139292240143, 0.06184907257556915, 0.06790675222873688, 0.0739644467830658, 0.08002212643623352, 0.08607982099056244, 0.09213750064373016, 0.09819518029689789, 0.1042528748512268, 0.11031055450439453, 0.11636823415756226, 0.12242592871189117, 0.1284836083650589, 0.13454128801822662, 0.14059896767139435, 0.14665667712688446, 0.15271435678005219, 0.1587720364332199, 0.16482971608638763, 0.17088739573955536, 0.17694510519504547, 0.1830027848482132, 0.18906046450138092, 0.19511814415454865, 0.20117582380771637, 0.2072335034608841, 0.2132912129163742, 0.21934889256954193, 0.22540657222270966, 0.23146425187587738, 0.2375219315290451, 0.24357964098453522, 0.24963732063770294, 0.2556949853897095]}, "gradients/fc1.weight": {"_type": "histogram", "values": [1.0, 1.0, 4.0, 2.0, 3.0, 2.0, 3.0, 5.0, 6.0, 7.0, 8.0, 18.0, 30.0, 69.0, 137.0, 223.0, 738.0, 14282.0, 105.0, 54.0, 34.0, 38.0, 24.0, 22.0, 16.0, 17.0, 9.0, 8.0, 11.0, 17.0, 10.0, 8.0, 9.0, 9.0, 4.0, 8.0, 6.0, 8.0, 6.0, 6.0, 6.0, 2.0, 3.0, 2.0, 1.0, 0.0, 0.0, 4.0, 0.0, 1.0, 1.0, 1.0, 0.0, 2.0, 0.0, 2.0, 2.0, 2.0, 1.0, 0.0, 0.0, 0.0, 1.0, 1.0], "bins": [-0.10975036025047302, -0.10336685180664062, -0.09698333591222763, -0.09059982746839523, -0.08421631157398224, -0.07783280313014984, -0.07144929468631744, -0.06506577879190445, -0.058682266622781754, -0.05229875445365906, -0.04591524600982666, -0.039531730115413666, -0.03314822167158127, -0.026764705777168274, -0.020381197333335876, -0.013997681438922882, -0.007614172995090485, -0.0012306645512580872, 0.005152851343154907, 0.011536359786987305, 0.017919868230819702, 0.024303391575813293, 0.03068690001964569, 0.03707040846347809, 0.043453916907310486, 0.04983742535114288, 0.056220948696136475, 0.06260445713996887, 0.06898796558380127, 0.07537147402763367, 0.08175499737262726, 0.08813850581645966, 0.09452201426029205, 0.10090552270412445, 0.10728903114795685, 0.11367255449295044, 0.12005606293678284, 0.12643957138061523, 0.13282307982444763, 0.13920660316944122, 0.14559009671211243, 0.15197360515594482, 0.1583571434020996, 0.164740651845932, 0.1711241602897644, 0.1775076687335968, 0.1838911771774292, 0.1902746856212616, 0.196658194065094, 0.2030417025089264, 0.2094252109527588, 0.21580874919891357, 0.22219225764274597, 0.22857576608657837, 0.23495927453041077, 0.24134278297424316, 0.24772629141807556, 0.25410979986190796, 0.26049330830574036, 0.26687681674957275, 0.27326035499572754, 0.27964386343955994, 0.28602737188339233, 0.29241088032722473, 0.29879438877105713]}, "gradients/fc1.bias": {"_type": "histogram", "values": [1.0, 0.0, 0.0, 0.0, 1.0, 0.0, 0.0, 0.0, 0.0, 0.0, 0.0, 1.0, 0.0, 0.0, 1.0, 2.0, 2.0, 2.0, 1.0, 1.0, 2.0, 21.0, 5.0, 2.0, 2.0, 0.0, 0.0, 0.0, 0.0, 0.0, 0.0, 0.0, 0.0, 1.0, 0.0, 0.0, 0.0, 0.0, 0.0, 0.0, 0.0, 0.0, 0.0, 0.0, 0.0, 0.0, 0.0, 0.0, 0.0, 0.0, 0.0, 0.0, 0.0, 0.0, 0.0, 0.0, 1.0, 3.0, 0.0, 0.0, 0.0, 0.0, 0.0, 1.0], "bins": [-0.022123156115412712, -0.021107355132699013, -0.020091556012630463, -0.019075755029916763, -0.018059955909848213, -0.017044154927134514, -0.016028355807065964, -0.015012554824352264, -0.01399675477296114, -0.012980954721570015, -0.01196515467017889, -0.010949354618787766, -0.009933553636074066, -0.008917753584682941, -0.007901953533291817, -0.006886153481900692, -0.005870353430509567, -0.004854552447795868, -0.003838753327727318, -0.0028229523450136185, -0.0018071532249450684, -0.000791352242231369, 0.0002244468778371811, 0.0012402478605508804, 0.0022560488432645798, 0.00327184796333313, 0.004287648946046829, 0.005303448066115379, 0.006319249048829079, 0.007335048168897629, 0.008350849151611328, 0.009366648271679878, 0.010382449254393578, 0.011398250237107277, 0.012414051219820976, 0.013429848477244377, 0.014445649459958076, 0.015461450442671776, 0.016477251425385475, 0.017493048682808876, 0.018508849665522575, 0.019524650648236275, 0.020540451630949974, 0.021556252613663673, 0.022572049871087074, 0.023587850853800774, 0.024603651836514473, 0.025619452819228172, 0.02663525380194187, 0.027651051059365273, 0.028666852042078972, 0.02968265302479267, 0.03069845400750637, 0.03171425312757492, 0.03273005038499832, 0.03374585509300232, 0.03476165235042572, 0.03577745705842972, 0.03679325431585312, 0.03780905157327652, 0.03882485628128052, 0.03984065353870392, 0.04085645079612732, 0.04187225550413132, 0.04288805276155472]}, "gradients/fc2.weight": {"_type": "histogram", "values": [1.0, 0.0, 1.0, 1.0, 1.0, 1.0, 0.0, 0.0, 1.0, 0.0, 0.0, 0.0, 0.0, 1.0, 0.0, 1.0, 1.0, 3.0, 1.0, 2.0, 1.0, 0.0, 3.0, 0.0, 4.0, 7.0, 7.0, 7.0, 327.0, 86.0, 15.0, 2.0, 3.0, 7.0, 0.0, 1.0, 2.0, 2.0, 0.0, 3.0, 0.0, 1.0, 0.0, 1.0, 0.0, 0.0, 0.0, 0.0, 0.0, 1.0, 0.0, 1.0, 0.0, 0.0, 1.0, 1.0, 0.0, 1.0, 0.0, 0.0, 0.0, 0.0, 0.0, 1.0], "bins": [-0.29018843173980713, -0.2801607847213745, -0.2701331377029419, -0.2601054906845093, -0.25007784366607666, -0.24005019664764404, -0.23002256453037262, -0.21999491751194, -0.20996727049350739, -0.19993962347507477, -0.18991197645664215, -0.17988434433937073, -0.1698566973209381, -0.1598290503025055, -0.14980140328407288, -0.13977375626564026, -0.12974610924720764, -0.11971846222877502, -0.10969081521034241, -0.09966316819190979, -0.08963552117347717, -0.07960788905620575, -0.06958024203777313, -0.059552595019340515, -0.0495249480009079, -0.039497315883636475, -0.029469668865203857, -0.01944202184677124, -0.009414374828338623, 0.0006132721900939941, 0.010640919208526611, 0.02066856622695923, 0.030696213245391846, 0.04072386026382446, 0.05075150728225708, 0.0607791543006897, 0.07080680131912231, 0.08083444833755493, 0.09086209535598755, 0.10088974237442017, 0.11091738939285278, 0.12094500660896301, 0.13097265362739563, 0.14100030064582825, 0.15102794766426086, 0.16105559468269348, 0.1710832417011261, 0.18111088871955872, 0.19113853573799133, 0.20116618275642395, 0.21119379997253418, 0.2212214469909668, 0.23124909400939941, 0.24127674102783203, 0.25130438804626465, 0.26133203506469727, 0.2713596820831299, 0.2813873291015625, 0.2914149761199951, 0.30144262313842773, 0.31147027015686035, 0.32149791717529297, 0.3315255641937256, 0.3415532112121582, 0.3515808582305908]}, "gradients/fc2.bias": {"_type": "histogram", "values": [1.0, 0.0, 0.0, 0.0, 0.0, 0.0, 0.0, 0.0, 0.0, 0.0, 0.0, 0.0, 0.0, 0.0, 0.0, 0.0, 0.0, 0.0, 0.0, 1.0, 0.0, 0.0, 0.0, 1.0, 0.0, 0.0, 0.0, 1.0, 0.0, 1.0, 2.0, 1.0, 0.0, 0.0, 1.0, 0.0, 0.0, 0.0, 0.0, 0.0, 0.0, 0.0, 0.0, 0.0, 0.0, 0.0, 0.0, 0.0, 0.0, 0.0, 0.0, 0.0, 0.0, 0.0, 0.0, 0.0, 0.0, 0.0, 0.0, 0.0, 0.0, 0.0, 0.0, 1.0],