{"global_step": 8599, "_step": 869, "train_loss": 0.14900468289852142, "_timestamp": 1585788753.129293, "_runtime": 100.05420255661011, "train_acc": 0.9375, "val_loss": 0.23561856150627136, "val_acc": 0.9481803774833679}
