{"train_loss": 0.0283193439245224, "train_acc": 1.0, "_runtime": 102.02369165420532, "_step": 869, "global_step": 8599, "_timestamp": 1585786870.381766, "val_loss": 0.23504696786403656, "val_acc": 0.9495648741722107}
