{"train_loss": 0.001078925677575171, "_timestamp": 1585787075.6485968, "global_step": 8599, "_runtime": 95.85479807853699, "_step": 869, "train_acc": 1.0, "val_acc": 0.9758702516555786, "val_loss": 0.11081230640411377}
