{"_step": 869, "_timestamp": 1585787448.5443897, "global_step": 8599, "train_acc": 0.984375, "train_loss": 0.060735270380973816, "_runtime": 95.80812215805054, "val_loss": 0.09860098361968994, "val_acc": 0.9713212251663208}
