{"train_acc": 0.953125, "_step": 869, "_timestamp": 1585789052.5145707, "global_step": 8599, "_runtime": 86.82850742340088, "train_loss": 0.11288978159427643, "val_loss": 0.045572780072689056, "val_acc": 0.9875395894050598}
